INSERT INTO ROLE VALUES (1, 'ROLE_USER');
INSERT INTO ROLE VALUES (2, 'ROLE_ADMIN');
INSERT INTO ROLE VALUES (3, 'ROLE_MANAGER');

INSERT INTO USER (id, username, password, nickname) VALUES (1, 'user', '$2a$10$AtCM6kSdJVcezytJVraoEujndLCABFP76YEpdAKVvnfW17EBdQoDm', 'CommonUser');
INSERT INTO USER (id, username, password, nickname) VALUES (2, 'admin', '$2a$10$cRAyFVrOBOX/.xoZ20Rob.9QzKjDM7OEMLtqyIWDo7qWz.y8W3cbO', 'SuperAdmin');
INSERT INTO User (id, username, password, nickname) VALUES (3, 'manager', '$2a$10$xvoxHCJ.p8DR6QtDEgllpO7jVTURqpkvNis0NqQVD/PWm6X0HZoI6', 'Manager');
INSERT INTO User (id, username, password, nickname) VALUES (4, 'tempUser1', '$2a$10$xvoxHCJ.p8DR6QtDEgllpO7jVTURqpkvNis0NqQVD/PWm6X0HZoI6', 'tempUser1');
INSERT INTO User (id, username, password, nickname) VALUES (5, 'tempUser2', '$2a$10$xvoxHCJ.p8DR6QtDEgllpO7jVTURqpkvNis0NqQVD/PWm6X0HZoI6', 'tempUser2');
INSERT INTO User (id, username, password, nickname) VALUES (6, 'tempUser3', '$2a$10$xvoxHCJ.p8DR6QtDEgllpO7jVTURqpkvNis0NqQVD/PWm6X0HZoI6', 'tempUser3');
INSERT INTO User (id, username, password, nickname) VALUES (7, 'tempUser4', '$2a$10$xvoxHCJ.p8DR6QtDEgllpO7jVTURqpkvNis0NqQVD/PWm6X0HZoI6', 'tempUser4');
INSERT INTO User (id, username, password, nickname) VALUES (8, 'tempUser5', '$2a$10$xvoxHCJ.p8DR6QtDEgllpO7jVTURqpkvNis0NqQVD/PWm6X0HZoI6', 'tempUser5');
INSERT INTO User (id, username, password, nickname) VALUES (9, 'tempUser6', '$2a$10$xvoxHCJ.p8DR6QtDEgllpO7jVTURqpkvNis0NqQVD/PWm6X0HZoI6', 'tempUser6');
INSERT INTO User (id, username, password, nickname) VALUES (10, 'tempUser7', '$2a$10$xvoxHCJ.p8DR6QtDEgllpO7jVTURqpkvNis0NqQVD/PWm6X0HZoI6', 'tempUser7');
INSERT INTO User (id, username, password, nickname) VALUES (11, 'tempUser8', '$2a$10$xvoxHCJ.p8DR6QtDEgllpO7jVTURqpkvNis0NqQVD/PWm6X0HZoI6', 'tempUser8');
INSERT INTO User (id, username, password, nickname) VALUES (12, 'tempUser9', '$2a$10$xvoxHCJ.p8DR6QtDEgllpO7jVTURqpkvNis0NqQVD/PWm6X0HZoI6', 'tempUser9');
INSERT INTO User (id, username, password, nickname) VALUES (13, 'tempUser10', '$2a$10$xvoxHCJ.p8DR6QtDEgllpO7jVTURqpkvNis0NqQVD/PWm6X0HZoI6', 'tempUser10');


INSERT INTO USER_ROLES VALUES (1, 1);
INSERT INTO USER_ROLES VALUES (2, 2);
INSERT INTO USER_ROLES VALUES (3, 3);
INSERT INTO USER_ROLES VALUES (4, 1);
INSERT INTO USER_ROLES VALUES (5, 1);
INSERT INTO USER_ROLES VALUES (6, 1);
INSERT INTO USER_ROLES VALUES (7, 1);
INSERT INTO USER_ROLES VALUES (8, 1);
INSERT INTO USER_ROLES VALUES (9, 1);
INSERT INTO USER_ROLES VALUES (10, 1);
INSERT INTO USER_ROLES VALUES (11, 1);
INSERT INTO USER_ROLES VALUES (12, 1);
INSERT INTO USER_ROLES VALUES (13, 1);

insert into category (id, name) values (1, 'category1');
insert into category (id, name) values (2, 'category2');
insert into category (id, name) values (3, 'category3');
insert into category (id, name) values (4, 'category4');
insert into category (id, name) values (5, 'category5');
insert into category (id, name) values (6, 'category6');
insert into category (id, name) values (7, 'category7');
insert into category (id, name) values (8, 'category8');
insert into category (id, name) values (9, 'category9');
insert into category (id, name) values (10, 'category10');

insert into place (id, name, latitude, longitude, address, description, guide) values (1, 'Place name is 1', 19.2814128, -99.5409261, '18103 Eliot Drive', '1 is description!', 'Welcome to 1 Hello World Our tour will go 33');
insert into place (id, name, latitude, longitude, address, description, guide) values (2, 'Place name is 2', 25.6798529, -100.3622461, '231 Crownhardt Crossing', '2 is description!', 'Welcome to 2 Hello World Our tour will go 38');
insert into place (id, name, latitude, longitude, address, description, guide) values (3, 'Place name is 3', 20.3650844, -76.4302771, '88 Northport Plaza', '3 is description!', 'Welcome to 3 Hello World Our tour will go 12');
insert into place (id, name, latitude, longitude, address, description, guide) values (4, 'Place name is 4', 54.7599431, 20.1021063, '09020 Warbler Pass', '4 is description!', 'Welcome to 4 Hello World Our tour will go 1');
insert into place (id, name, latitude, longitude, address, description, guide) values (5, 'Place name is 5', 36.951766, 102.494696, '0199 Vera Way', '5 is description!', 'Welcome to 5 Hello World Our tour will go 45');
insert into place (id, name, latitude, longitude, address, description, guide) values (6, 'Place name is 6', -26.2333329, 31.033333, '1410 Fairfield Junction', '6 is description!', 'Welcome to 6 Hello World Our tour will go 7');
insert into place (id, name, latitude, longitude, address, description, guide) values (7, 'Place name is 7', 56.5501038, 26.9229659, '223 Forest Point', '7 is description!', 'Welcome to 7 Hello World Our tour will go 47');
insert into place (id, name, latitude, longitude, address, description, guide) values (8, 'Place name is 8', 63.9060413, 24.5144506, '1291 Lotheville Crossing', '8 is description!', 'Welcome to 8 Hello World Our tour will go 26');
insert into place (id, name, latitude, longitude, address, description, guide) values (9, 'Place name is 9', 50.655135, 18.3329704, '6 New Castle Parkway', '9 is description!', 'Welcome to 9 Hello World Our tour will go 3');
insert into place (id, name, latitude, longitude, address, description, guide) values (10, 'Place name is 10', 59.3433282, 18.0638221, '54 Dawn Center', '10 is description!', 'Welcome to 10 Hello World Our tour will go 32');
insert into place (id, name, latitude, longitude, address, description, guide) values (11, 'Place name is 11', 22.517585, 113.39277, '31 Lyons Crossing', '11 is description!', 'Welcome to 11 Hello World Our tour will go 17');
insert into place (id, name, latitude, longitude, address, description, guide) values (12, 'Place name is 12', 23.923594, 115.761018, '0 Sunfield Junction', '12 is description!', 'Welcome to 12 Hello World Our tour will go 40');
insert into place (id, name, latitude, longitude, address, description, guide) values (13, 'Place name is 13', -7.6535289, 110.6749978, '71 Parkside Drive', '13 is description!', 'Welcome to 13 Hello World Our tour will go 20');
insert into place (id, name, latitude, longitude, address, description, guide) values (14, 'Place name is 14', -34.785428, -58.3886187, '451 Melby Terrace', '14 is description!', 'Welcome to 14 Hello World Our tour will go 17');
insert into place (id, name, latitude, longitude, address, description, guide) values (15, 'Place name is 15', 52.6446193, 19.0339855, '45248 Carey Plaza', '15 is description!', 'Welcome to 15 Hello World Our tour will go 13');
insert into place (id, name, latitude, longitude, address, description, guide) values (16, 'Place name is 16', 23.106401, 113.459749, '6 Kensington Terrace', '16 is description!', 'Welcome to 16 Hello World Our tour will go 16');
insert into place (id, name, latitude, longitude, address, description, guide) values (17, 'Place name is 17', 13.70832, 100.5201019, '52915 Brown Place', '17 is description!', 'Welcome to 17 Hello World Our tour will go 38');
insert into place (id, name, latitude, longitude, address, description, guide) values (18, 'Place name is 18', 10.3689319, 123.876049, '35794 Clemons Park', '18 is description!', 'Welcome to 18 Hello World Our tour will go 16');
insert into place (id, name, latitude, longitude, address, description, guide) values (19, 'Place name is 19', 19.2987683, 98.5062007, '2 Sundown Plaza', '19 is description!', 'Welcome to 19 Hello World Our tour will go 43');
insert into place (id, name, latitude, longitude, address, description, guide) values (20, 'Place name is 20', 29.7857853, -95.8243956, '4 Bartillon Drive', '20 is description!', 'Welcome to 20 Hello World Our tour will go 11');
insert into place (id, name, latitude, longitude, address, description, guide) values (21, 'Place name is 21', 39.0327543, -76.5517132, '56726 Cordelia Circle', '21 is description!', 'Welcome to 21 Hello World Our tour will go 39');
insert into place (id, name, latitude, longitude, address, description, guide) values (22, 'Place name is 22', 31.875572, 120.556005, '97 Emmet Road', '22 is description!', 'Welcome to 22 Hello World Our tour will go 3');
insert into place (id, name, latitude, longitude, address, description, guide) values (23, 'Place name is 23', 0.7349651, 127.5614454, '99 Dawn Park', '23 is description!', 'Welcome to 23 Hello World Our tour will go 18');
insert into place (id, name, latitude, longitude, address, description, guide) values (24, 'Place name is 24', 38.7004199, -9.2419409, '95 Del Mar Crossing', '24 is description!', 'Welcome to 24 Hello World Our tour will go 39');
insert into place (id, name, latitude, longitude, address, description, guide) values (25, 'Place name is 25', 53.918411, 19.7442821, '21694 Meadow Valley Center', '25 is description!', 'Welcome to 25 Hello World Our tour will go 21');
insert into place (id, name, latitude, longitude, address, description, guide) values (26, 'Place name is 26', 37.617937, 120.395988, '469 Sherman Street', '26 is description!', 'Welcome to 26 Hello World Our tour will go 11');
insert into place (id, name, latitude, longitude, address, description, guide) values (27, 'Place name is 27', 57.6727414, -2.955445, '6 Bartillon Crossing', '27 is description!', 'Welcome to 27 Hello World Our tour will go 18');
insert into place (id, name, latitude, longitude, address, description, guide) values (28, 'Place name is 28', 37.8524958, -25.2644959, '539 Warrior Road', '28 is description!', 'Welcome to 28 Hello World Our tour will go 21');
insert into place (id, name, latitude, longitude, address, description, guide) values (29, 'Place name is 29', 14.1893533, 122.5171185, '17669 Marcy Junction', '29 is description!', 'Welcome to 29 Hello World Our tour will go 49');
insert into place (id, name, latitude, longitude, address, description, guide) values (30, 'Place name is 30', 29.8044311, 71.7406583, '709 Waywood Hill', '30 is description!', 'Welcome to 30 Hello World Our tour will go 30');
insert into place (id, name, latitude, longitude, address, description, guide) values (31, 'Place name is 31', 59.6742944, 29.8519956, '0 Talmadge Trail', '31 is description!', 'Welcome to 31 Hello World Our tour will go 12');
insert into place (id, name, latitude, longitude, address, description, guide) values (32, 'Place name is 32', 24.77848, 110.496593, '06 Brown Junction', '32 is description!', 'Welcome to 32 Hello World Our tour will go 18');
insert into place (id, name, latitude, longitude, address, description, guide) values (33, 'Place name is 33', 33.426956, 130.6436108, '118 Elgar Street', '33 is description!', 'Welcome to 33 Hello World Our tour will go 28');
insert into place (id, name, latitude, longitude, address, description, guide) values (34, 'Place name is 34', 37.438101, 112.028866, '09 Meadow Valley Point', '34 is description!', 'Welcome to 34 Hello World Our tour will go 11');
insert into place (id, name, latitude, longitude, address, description, guide) values (35, 'Place name is 35', 35.110997, 102.430356, '74008 Summit Pass', '35 is description!', 'Welcome to 35 Hello World Our tour will go 33');
insert into place (id, name, latitude, longitude, address, description, guide) values (36, 'Place name is 36', 61.243306, 46.900459, '04 Huxley Trail', '36 is description!', 'Welcome to 36 Hello World Our tour will go 16');
insert into place (id, name, latitude, longitude, address, description, guide) values (37, 'Place name is 37', 47.8060989, 7.3372459, '36083 West Court', '37 is description!', 'Welcome to 37 Hello World Our tour will go 10');
insert into place (id, name, latitude, longitude, address, description, guide) values (38, 'Place name is 38', 15.97431, 43.46381, '17812 East Way', '38 is description!', 'Welcome to 38 Hello World Our tour will go 22');
insert into place (id, name, latitude, longitude, address, description, guide) values (39, 'Place name is 39', 31.793861, 117.309522, '119 Ludington Court', '39 is description!', 'Welcome to 39 Hello World Our tour will go 13');
insert into place (id, name, latitude, longitude, address, description, guide) values (40, 'Place name is 40', 59.7513574, 60.2055668, '2274 Melby Court', '40 is description!', 'Welcome to 40 Hello World Our tour will go 32');
insert into place (id, name, latitude, longitude, address, description, guide) values (41, 'Place name is 41', 8.688031, -73.666377, '90 David Trail', '41 is description!', 'Welcome to 41 Hello World Our tour will go 48');
insert into place (id, name, latitude, longitude, address, description, guide) values (42, 'Place name is 42', 52.3582468, 5.5106628, '8518 Blaine Drive', '42 is description!', 'Welcome to 42 Hello World Our tour will go 49');
insert into place (id, name, latitude, longitude, address, description, guide) values (43, 'Place name is 43', -6.7077, 105.8906, '93212 Buhler Crossing', '43 is description!', 'Welcome to 43 Hello World Our tour will go 2');
insert into place (id, name, latitude, longitude, address, description, guide) values (44, 'Place name is 44', 14.6052661, 121.1206771, '7827 Kipling Terrace', '44 is description!', 'Welcome to 44 Hello World Our tour will go 16');
insert into place (id, name, latitude, longitude, address, description, guide) values (45, 'Place name is 45', -11.7382104, -75.444669, '88712 4th Street', '45 is description!', 'Welcome to 45 Hello World Our tour will go 8');
insert into place (id, name, latitude, longitude, address, description, guide) values (46, 'Place name is 46', 28.297814, 30.7116561, '59061 American Ash Lane', '46 is description!', 'Welcome to 46 Hello World Our tour will go 18');
insert into place (id, name, latitude, longitude, address, description, guide) values (47, 'Place name is 47', 37.7977942, 139.1253637, '76 Redwing Alley', '47 is description!', 'Welcome to 47 Hello World Our tour will go 19');
insert into place (id, name, latitude, longitude, address, description, guide) values (48, 'Place name is 48', 42.284605, 125.744735, '95 Shasta Hill', '48 is description!', 'Welcome to 48 Hello World Our tour will go 8');
insert into place (id, name, latitude, longitude, address, description, guide) values (49, 'Place name is 49', 14.570924, 121.0276584, '2 Pawling Center', '49 is description!', 'Welcome to 49 Hello World Our tour will go 42');
insert into place (id, name, latitude, longitude, address, description, guide) values (50, 'Place name is 50', 47.7406999, 109.032501, '14839 Scott Place', '50 is description!', 'Welcome to 50 Hello World Our tour will go 28');

insert into tour (id, name, description, category_id) values (1, 'name1', 'description1', 7);
insert into tour (id, name, description, category_id) values (2, 'name2', 'description2', 4);
insert into tour (id, name, description, category_id) values (3, 'name3', 'description3', 10);
insert into tour (id, name, description, category_id) values (4, 'name4', 'description4', 4);
insert into tour (id, name, description, category_id) values (5, 'name5', 'description5', 9);
insert into tour (id, name, description, category_id) values (6, 'name6', 'description6', 7);
insert into tour (id, name, description, category_id) values (7, 'name7', 'description7', 9);
insert into tour (id, name, description, category_id) values (8, 'name8', 'description8', 3);
insert into tour (id, name, description, category_id) values (9, 'name9', 'description9', 7);
insert into tour (id, name, description, category_id) values (10, 'name10', 'description10', 6);
insert into tour (id, name, description, category_id) values (11, 'name11', 'description11', 4);
insert into tour (id, name, description, category_id) values (12, 'name12', 'description12', 4);
insert into tour (id, name, description, category_id) values (13, 'name13', 'description13', 4);
insert into tour (id, name, description, category_id) values (14, 'name14', 'description14', 2);
insert into tour (id, name, description, category_id) values (15, 'name15', 'description15', 5);
insert into tour (id, name, description, category_id) values (16, 'name16', 'description16', 1);
insert into tour (id, name, description, category_id) values (17, 'name17', 'description17', 8);
insert into tour (id, name, description, category_id) values (18, 'name18', 'description18', 9);
insert into tour (id, name, description, category_id) values (19, 'name19', 'description19', 3);
insert into tour (id, name, description, category_id) values (20, 'name20', 'description20', 9);
insert into tour (id, name, description, category_id) values (21, 'name21', 'description21', 5);
insert into tour (id, name, description, category_id) values (22, 'name22', 'description22', 10);
insert into tour (id, name, description, category_id) values (23, 'name23', 'description23', 3);
insert into tour (id, name, description, category_id) values (24, 'name24', 'description24', 7);
insert into tour (id, name, description, category_id) values (25, 'name25', 'description25', 8);
insert into tour (id, name, description, category_id) values (26, 'name26', 'description26', 9);
insert into tour (id, name, description, category_id) values (27, 'name27', 'description27', 4);
insert into tour (id, name, description, category_id) values (28, 'name28', 'description28', 6);
insert into tour (id, name, description, category_id) values (29, 'name29', 'description29', 2);
insert into tour (id, name, description, category_id) values (30, 'name30', 'description30', 4);
insert into tour (id, name, description, category_id) values (31, 'name31', 'description31', 1);
insert into tour (id, name, description, category_id) values (32, 'name32', 'description32', 6);
insert into tour (id, name, description, category_id) values (33, 'name33', 'description33', 10);
insert into tour (id, name, description, category_id) values (34, 'name34', 'description34', 3);
insert into tour (id, name, description, category_id) values (35, 'name35', 'description35', 6);
insert into tour (id, name, description, category_id) values (36, 'name36', 'description36', 10);
insert into tour (id, name, description, category_id) values (37, 'name37', 'description37', 10);
insert into tour (id, name, description, category_id) values (38, 'name38', 'description38', 7);
insert into tour (id, name, description, category_id) values (39, 'name39', 'description39', 10);
insert into tour (id, name, description, category_id) values (40, 'name40', 'description40', 8);
insert into tour (id, name, description, category_id) values (41, 'name41', 'description41', 8);
insert into tour (id, name, description, category_id) values (42, 'name42', 'description42', 10);
insert into tour (id, name, description, category_id) values (43, 'name43', 'description43', 6);
insert into tour (id, name, description, category_id) values (44, 'name44', 'description44', 1);
insert into tour (id, name, description, category_id) values (45, 'name45', 'description45', 3);
insert into tour (id, name, description, category_id) values (46, 'name46', 'description46', 9);
insert into tour (id, name, description, category_id) values (47, 'name47', 'description47', 2);
insert into tour (id, name, description, category_id) values (48, 'name48', 'description48', 4);
insert into tour (id, name, description, category_id) values (49, 'name49', 'description49', 9);
insert into tour (id, name, description, category_id) values (50, 'name50', 'description50', 10);

insert into review (id, user_id, tour_id, title, content, count, good, bad, point) values (1, 8, 45, 'review title 1', 'as opposed to using ''Content here, content here'', making it look like readable English. Many desktop publishing packages and web page editors now {1}', 69, 8, 43, 31);
insert into review (id, user_id, tour_id, title, content, count, good, bad, point) values (2, 11, 47, 'review title 2', 'as opposed to using ''Content here, content here'', making it look like readable English. Many desktop publishing packages and web page editors now {2}', 27, 31, 40, 7);
insert into review (id, user_id, tour_id, title, content, count, good, bad, point) values (3, 11, 34, 'review title 3', 'as opposed to using ''Content here, content here'', making it look like readable English. Many desktop publishing packages and web page editors now {3}', 43, 93, 26, 3);
insert into review (id, user_id, tour_id, title, content, count, good, bad, point) values (4, 12, 4, 'review title 4', 'as opposed to using ''Content here, content here'', making it look like readable English. Many desktop publishing packages and web page editors now {4}', 79, 13, 83, 20);
insert into review (id, user_id, tour_id, title, content, count, good, bad, point) values (5, 4, 50, 'review title 5', 'as opposed to using ''Content here, content here'', making it look like readable English. Many desktop publishing packages and web page editors now {5}', 24, 51, 2, 49);
insert into review (id, user_id, tour_id, title, content, count, good, bad, point) values (6, 7, 25, 'review title 6', 'as opposed to using ''Content here, content here'', making it look like readable English. Many desktop publishing packages and web page editors now {6}', 6, 36, 89, 23);
insert into review (id, user_id, tour_id, title, content, count, good, bad, point) values (7, 5, 24, 'review title 7', 'as opposed to using ''Content here, content here'', making it look like readable English. Many desktop publishing packages and web page editors now {7}', 54, 58, 90, 97);
insert into review (id, user_id, tour_id, title, content, count, good, bad, point) values (8, 7, 22, 'review title 8', 'as opposed to using ''Content here, content here'', making it look like readable English. Many desktop publishing packages and web page editors now {8}', 30, 18, 46, 20);
insert into review (id, user_id, tour_id, title, content, count, good, bad, point) values (9, 13, 35, 'review title 9', 'as opposed to using ''Content here, content here'', making it look like readable English. Many desktop publishing packages and web page editors now {9}', 6, 54, 28, 79);
insert into review (id, user_id, tour_id, title, content, count, good, bad, point) values (10, 12, 35, 'review title 10', 'as opposed to using ''Content here, content here'', making it look like readable English. Many desktop publishing packages and web page editors now {10}', 23, 41, 48, 72);
insert into review (id, user_id, tour_id, title, content, count, good, bad, point) values (11, 6, 21, 'review title 11', 'as opposed to using ''Content here, content here'', making it look like readable English. Many desktop publishing packages and web page editors now {11}', 67, 2, 32, 92);
insert into review (id, user_id, tour_id, title, content, count, good, bad, point) values (12, 5, 23, 'review title 12', 'as opposed to using ''Content here, content here'', making it look like readable English. Many desktop publishing packages and web page editors now {12}', 89, 42, 17, 80);
insert into review (id, user_id, tour_id, title, content, count, good, bad, point) values (13, 11, 39, 'review title 13', 'as opposed to using ''Content here, content here'', making it look like readable English. Many desktop publishing packages and web page editors now {13}', 90, 75, 29, 44);
insert into review (id, user_id, tour_id, title, content, count, good, bad, point) values (14, 5, 11, 'review title 14', 'as opposed to using ''Content here, content here'', making it look like readable English. Many desktop publishing packages and web page editors now {14}', 12, 13, 32, 73);
insert into review (id, user_id, tour_id, title, content, count, good, bad, point) values (15, 12, 2, 'review title 15', 'as opposed to using ''Content here, content here'', making it look like readable English. Many desktop publishing packages and web page editors now {15}', 56, 73, 24, 68);
insert into review (id, user_id, tour_id, title, content, count, good, bad, point) values (16, 8, 8, 'review title 16', 'as opposed to using ''Content here, content here'', making it look like readable English. Many desktop publishing packages and web page editors now {16}', 80, 64, 77, 99);
insert into review (id, user_id, tour_id, title, content, count, good, bad, point) values (17, 5, 26, 'review title 17', 'as opposed to using ''Content here, content here'', making it look like readable English. Many desktop publishing packages and web page editors now {17}', 74, 47, 47, 30);
insert into review (id, user_id, tour_id, title, content, count, good, bad, point) values (18, 13, 23, 'review title 18', 'as opposed to using ''Content here, content here'', making it look like readable English. Many desktop publishing packages and web page editors now {18}', 65, 12, 11, 26);
insert into review (id, user_id, tour_id, title, content, count, good, bad, point) values (19, 12, 10, 'review title 19', 'as opposed to using ''Content here, content here'', making it look like readable English. Many desktop publishing packages and web page editors now {19}', 58, 34, 34, 2);
insert into review (id, user_id, tour_id, title, content, count, good, bad, point) values (20, 7, 6, 'review title 20', 'as opposed to using ''Content here, content here'', making it look like readable English. Many desktop publishing packages and web page editors now {20}', 40, 1, 52, 22);
insert into review (id, user_id, tour_id, title, content, count, good, bad, point) values (21, 4, 11, 'review title 21', 'as opposed to using ''Content here, content here'', making it look like readable English. Many desktop publishing packages and web page editors now {21}', 71, 2, 79, 39);
insert into review (id, user_id, tour_id, title, content, count, good, bad, point) values (22, 5, 10, 'review title 22', 'as opposed to using ''Content here, content here'', making it look like readable English. Many desktop publishing packages and web page editors now {22}', 74, 49, 43, 48);
insert into review (id, user_id, tour_id, title, content, count, good, bad, point) values (23, 4, 43, 'review title 23', 'as opposed to using ''Content here, content here'', making it look like readable English. Many desktop publishing packages and web page editors now {23}', 4, 70, 66, 94);
insert into review (id, user_id, tour_id, title, content, count, good, bad, point) values (24, 11, 12, 'review title 24', 'as opposed to using ''Content here, content here'', making it look like readable English. Many desktop publishing packages and web page editors now {24}', 53, 84, 99, 16);
insert into review (id, user_id, tour_id, title, content, count, good, bad, point) values (25, 12, 1, 'review title 25', 'as opposed to using ''Content here, content here'', making it look like readable English. Many desktop publishing packages and web page editors now {25}', 60, 0, 74, 24);
insert into review (id, user_id, tour_id, title, content, count, good, bad, point) values (26, 5, 46, 'review title 26', 'as opposed to using ''Content here, content here'', making it look like readable English. Many desktop publishing packages and web page editors now {26}', 21, 2, 34, 22);
insert into review (id, user_id, tour_id, title, content, count, good, bad, point) values (27, 10, 5, 'review title 27', 'as opposed to using ''Content here, content here'', making it look like readable English. Many desktop publishing packages and web page editors now {27}', 74, 3, 87, 99);
insert into review (id, user_id, tour_id, title, content, count, good, bad, point) values (28, 4, 47, 'review title 28', 'as opposed to using ''Content here, content here'', making it look like readable English. Many desktop publishing packages and web page editors now {28}', 3, 25, 33, 21);
insert into review (id, user_id, tour_id, title, content, count, good, bad, point) values (29, 7, 12, 'review title 29', 'as opposed to using ''Content here, content here'', making it look like readable English. Many desktop publishing packages and web page editors now {29}', 58, 40, 11, 58);
insert into review (id, user_id, tour_id, title, content, count, good, bad, point) values (30, 13, 20, 'review title 30', 'as opposed to using ''Content here, content here'', making it look like readable English. Many desktop publishing packages and web page editors now {30}', 58, 22, 92, 24);
insert into review (id, user_id, tour_id, title, content, count, good, bad, point) values (31, 4, 7, 'review title 31', 'as opposed to using ''Content here, content here'', making it look like readable English. Many desktop publishing packages and web page editors now {31}', 82, 36, 68, 53);
insert into review (id, user_id, tour_id, title, content, count, good, bad, point) values (32, 7, 6, 'review title 32', 'as opposed to using ''Content here, content here'', making it look like readable English. Many desktop publishing packages and web page editors now {32}', 65, 70, 11, 2);
insert into review (id, user_id, tour_id, title, content, count, good, bad, point) values (33, 4, 1, 'review title 33', 'as opposed to using ''Content here, content here'', making it look like readable English. Many desktop publishing packages and web page editors now {33}', 26, 91, 64, 11);
insert into review (id, user_id, tour_id, title, content, count, good, bad, point) values (34, 7, 12, 'review title 34', 'as opposed to using ''Content here, content here'', making it look like readable English. Many desktop publishing packages and web page editors now {34}', 26, 18, 88, 22);
insert into review (id, user_id, tour_id, title, content, count, good, bad, point) values (35, 11, 3, 'review title 35', 'as opposed to using ''Content here, content here'', making it look like readable English. Many desktop publishing packages and web page editors now {35}', 51, 91, 68, 18);
insert into review (id, user_id, tour_id, title, content, count, good, bad, point) values (36, 9, 17, 'review title 36', 'as opposed to using ''Content here, content here'', making it look like readable English. Many desktop publishing packages and web page editors now {36}', 54, 47, 67, 80);
insert into review (id, user_id, tour_id, title, content, count, good, bad, point) values (37, 6, 26, 'review title 37', 'as opposed to using ''Content here, content here'', making it look like readable English. Many desktop publishing packages and web page editors now {37}', 83, 30, 79, 1);
insert into review (id, user_id, tour_id, title, content, count, good, bad, point) values (38, 11, 29, 'review title 38', 'as opposed to using ''Content here, content here'', making it look like readable English. Many desktop publishing packages and web page editors now {38}', 51, 4, 8, 86);
insert into review (id, user_id, tour_id, title, content, count, good, bad, point) values (39, 4, 43, 'review title 39', 'as opposed to using ''Content here, content here'', making it look like readable English. Many desktop publishing packages and web page editors now {39}', 62, 38, 84, 33);
insert into review (id, user_id, tour_id, title, content, count, good, bad, point) values (40, 4, 5, 'review title 40', 'as opposed to using ''Content here, content here'', making it look like readable English. Many desktop publishing packages and web page editors now {40}', 34, 32, 34, 0);
insert into review (id, user_id, tour_id, title, content, count, good, bad, point) values (41, 9, 18, 'review title 41', 'as opposed to using ''Content here, content here'', making it look like readable English. Many desktop publishing packages and web page editors now {41}', 13, 60, 80, 22);
insert into review (id, user_id, tour_id, title, content, count, good, bad, point) values (42, 10, 8, 'review title 42', 'as opposed to using ''Content here, content here'', making it look like readable English. Many desktop publishing packages and web page editors now {42}', 33, 2, 73, 71);
insert into review (id, user_id, tour_id, title, content, count, good, bad, point) values (43, 13, 36, 'review title 43', 'as opposed to using ''Content here, content here'', making it look like readable English. Many desktop publishing packages and web page editors now {43}', 89, 80, 97, 71);
insert into review (id, user_id, tour_id, title, content, count, good, bad, point) values (44, 9, 36, 'review title 44', 'as opposed to using ''Content here, content here'', making it look like readable English. Many desktop publishing packages and web page editors now {44}', 88, 61, 57, 52);
insert into review (id, user_id, tour_id, title, content, count, good, bad, point) values (45, 11, 31, 'review title 45', 'as opposed to using ''Content here, content here'', making it look like readable English. Many desktop publishing packages and web page editors now {45}', 0, 37, 48, 44);
insert into review (id, user_id, tour_id, title, content, count, good, bad, point) values (46, 8, 36, 'review title 46', 'as opposed to using ''Content here, content here'', making it look like readable English. Many desktop publishing packages and web page editors now {46}', 5, 87, 4, 94);
insert into review (id, user_id, tour_id, title, content, count, good, bad, point) values (47, 5, 47, 'review title 47', 'as opposed to using ''Content here, content here'', making it look like readable English. Many desktop publishing packages and web page editors now {47}', 25, 50, 1, 46);
insert into review (id, user_id, tour_id, title, content, count, good, bad, point) values (48, 10, 5, 'review title 48', 'as opposed to using ''Content here, content here'', making it look like readable English. Many desktop publishing packages and web page editors now {48}', 31, 12, 56, 65);
insert into review (id, user_id, tour_id, title, content, count, good, bad, point) values (49, 5, 10, 'review title 49', 'as opposed to using ''Content here, content here'', making it look like readable English. Many desktop publishing packages and web page editors now {49}', 55, 77, 55, 15);
insert into review (id, user_id, tour_id, title, content, count, good, bad, point) values (50, 6, 27, 'review title 50', 'as opposed to using ''Content here, content here'', making it look like readable English. Many desktop publishing packages and web page editors now {50}', 4, 63, 56, 72);

insert into comment (id, review_id, user_id, content) values (1, 43, 13, 'There are many variations of passages of Lorem Ipsum available, but the majority have suffered alteration in some form, by injected humour, or randomised words which don''t look even slightly believable with 1');
insert into comment (id, review_id, user_id, content) values (2, 14, 9, 'There are many variations of passages of Lorem Ipsum available, but the majority have suffered alteration in some form, by injected humour, or randomised words which don''t look even slightly believable with 2');
insert into comment (id, review_id, user_id, content) values (3, 30, 5, 'There are many variations of passages of Lorem Ipsum available, but the majority have suffered alteration in some form, by injected humour, or randomised words which don''t look even slightly believable with 3');
insert into comment (id, review_id, user_id, content) values (4, 12, 11, 'There are many variations of passages of Lorem Ipsum available, but the majority have suffered alteration in some form, by injected humour, or randomised words which don''t look even slightly believable with 4');
insert into comment (id, review_id, user_id, content) values (5, 4, 11, 'There are many variations of passages of Lorem Ipsum available, but the majority have suffered alteration in some form, by injected humour, or randomised words which don''t look even slightly believable with 5');
insert into comment (id, review_id, user_id, content) values (6, 10, 4, 'There are many variations of passages of Lorem Ipsum available, but the majority have suffered alteration in some form, by injected humour, or randomised words which don''t look even slightly believable with 6');
insert into comment (id, review_id, user_id, content) values (7, 36, 12, 'There are many variations of passages of Lorem Ipsum available, but the majority have suffered alteration in some form, by injected humour, or randomised words which don''t look even slightly believable with 7');
insert into comment (id, review_id, user_id, content) values (8, 15, 7, 'There are many variations of passages of Lorem Ipsum available, but the majority have suffered alteration in some form, by injected humour, or randomised words which don''t look even slightly believable with 8');
insert into comment (id, review_id, user_id, content) values (9, 49, 13, 'There are many variations of passages of Lorem Ipsum available, but the majority have suffered alteration in some form, by injected humour, or randomised words which don''t look even slightly believable with 9');
insert into comment (id, review_id, user_id, content) values (10, 48, 9, 'There are many variations of passages of Lorem Ipsum available, but the majority have suffered alteration in some form, by injected humour, or randomised words which don''t look even slightly believable with 10');
insert into comment (id, review_id, user_id, content) values (11, 6, 4, 'There are many variations of passages of Lorem Ipsum available, but the majority have suffered alteration in some form, by injected humour, or randomised words which don''t look even slightly believable with 11');
insert into comment (id, review_id, user_id, content) values (12, 7, 6, 'There are many variations of passages of Lorem Ipsum available, but the majority have suffered alteration in some form, by injected humour, or randomised words which don''t look even slightly believable with 12');
insert into comment (id, review_id, user_id, content) values (13, 19, 12, 'There are many variations of passages of Lorem Ipsum available, but the majority have suffered alteration in some form, by injected humour, or randomised words which don''t look even slightly believable with 13');
insert into comment (id, review_id, user_id, content) values (14, 21, 11, 'There are many variations of passages of Lorem Ipsum available, but the majority have suffered alteration in some form, by injected humour, or randomised words which don''t look even slightly believable with 14');
insert into comment (id, review_id, user_id, content) values (15, 43, 4, 'There are many variations of passages of Lorem Ipsum available, but the majority have suffered alteration in some form, by injected humour, or randomised words which don''t look even slightly believable with 15');
insert into comment (id, review_id, user_id, content) values (16, 1, 11, 'There are many variations of passages of Lorem Ipsum available, but the majority have suffered alteration in some form, by injected humour, or randomised words which don''t look even slightly believable with 16');
insert into comment (id, review_id, user_id, content) values (17, 12, 13, 'There are many variations of passages of Lorem Ipsum available, but the majority have suffered alteration in some form, by injected humour, or randomised words which don''t look even slightly believable with 17');
insert into comment (id, review_id, user_id, content) values (18, 37, 11, 'There are many variations of passages of Lorem Ipsum available, but the majority have suffered alteration in some form, by injected humour, or randomised words which don''t look even slightly believable with 18');
insert into comment (id, review_id, user_id, content) values (19, 45, 6, 'There are many variations of passages of Lorem Ipsum available, but the majority have suffered alteration in some form, by injected humour, or randomised words which don''t look even slightly believable with 19');
insert into comment (id, review_id, user_id, content) values (20, 37, 11, 'There are many variations of passages of Lorem Ipsum available, but the majority have suffered alteration in some form, by injected humour, or randomised words which don''t look even slightly believable with 20');
insert into comment (id, review_id, user_id, content) values (21, 16, 13, 'There are many variations of passages of Lorem Ipsum available, but the majority have suffered alteration in some form, by injected humour, or randomised words which don''t look even slightly believable with 21');
insert into comment (id, review_id, user_id, content) values (22, 50, 13, 'There are many variations of passages of Lorem Ipsum available, but the majority have suffered alteration in some form, by injected humour, or randomised words which don''t look even slightly believable with 22');
insert into comment (id, review_id, user_id, content) values (23, 29, 13, 'There are many variations of passages of Lorem Ipsum available, but the majority have suffered alteration in some form, by injected humour, or randomised words which don''t look even slightly believable with 23');
insert into comment (id, review_id, user_id, content) values (24, 26, 7, 'There are many variations of passages of Lorem Ipsum available, but the majority have suffered alteration in some form, by injected humour, or randomised words which don''t look even slightly believable with 24');
insert into comment (id, review_id, user_id, content) values (25, 48, 9, 'There are many variations of passages of Lorem Ipsum available, but the majority have suffered alteration in some form, by injected humour, or randomised words which don''t look even slightly believable with 25');
insert into comment (id, review_id, user_id, content) values (26, 43, 7, 'There are many variations of passages of Lorem Ipsum available, but the majority have suffered alteration in some form, by injected humour, or randomised words which don''t look even slightly believable with 26');
insert into comment (id, review_id, user_id, content) values (27, 13, 9, 'There are many variations of passages of Lorem Ipsum available, but the majority have suffered alteration in some form, by injected humour, or randomised words which don''t look even slightly believable with 27');
insert into comment (id, review_id, user_id, content) values (28, 17, 5, 'There are many variations of passages of Lorem Ipsum available, but the majority have suffered alteration in some form, by injected humour, or randomised words which don''t look even slightly believable with 28');
insert into comment (id, review_id, user_id, content) values (29, 46, 9, 'There are many variations of passages of Lorem Ipsum available, but the majority have suffered alteration in some form, by injected humour, or randomised words which don''t look even slightly believable with 29');
insert into comment (id, review_id, user_id, content) values (30, 21, 4, 'There are many variations of passages of Lorem Ipsum available, but the majority have suffered alteration in some form, by injected humour, or randomised words which don''t look even slightly believable with 30');
insert into comment (id, review_id, user_id, content) values (31, 2, 9, 'There are many variations of passages of Lorem Ipsum available, but the majority have suffered alteration in some form, by injected humour, or randomised words which don''t look even slightly believable with 31');
insert into comment (id, review_id, user_id, content) values (32, 47, 6, 'There are many variations of passages of Lorem Ipsum available, but the majority have suffered alteration in some form, by injected humour, or randomised words which don''t look even slightly believable with 32');
insert into comment (id, review_id, user_id, content) values (33, 24, 11, 'There are many variations of passages of Lorem Ipsum available, but the majority have suffered alteration in some form, by injected humour, or randomised words which don''t look even slightly believable with 33');
insert into comment (id, review_id, user_id, content) values (34, 14, 4, 'There are many variations of passages of Lorem Ipsum available, but the majority have suffered alteration in some form, by injected humour, or randomised words which don''t look even slightly believable with 34');
insert into comment (id, review_id, user_id, content) values (35, 48, 8, 'There are many variations of passages of Lorem Ipsum available, but the majority have suffered alteration in some form, by injected humour, or randomised words which don''t look even slightly believable with 35');
insert into comment (id, review_id, user_id, content) values (36, 15, 9, 'There are many variations of passages of Lorem Ipsum available, but the majority have suffered alteration in some form, by injected humour, or randomised words which don''t look even slightly believable with 36');
insert into comment (id, review_id, user_id, content) values (37, 39, 4, 'There are many variations of passages of Lorem Ipsum available, but the majority have suffered alteration in some form, by injected humour, or randomised words which don''t look even slightly believable with 37');
insert into comment (id, review_id, user_id, content) values (38, 40, 13, 'There are many variations of passages of Lorem Ipsum available, but the majority have suffered alteration in some form, by injected humour, or randomised words which don''t look even slightly believable with 38');
insert into comment (id, review_id, user_id, content) values (39, 14, 9, 'There are many variations of passages of Lorem Ipsum available, but the majority have suffered alteration in some form, by injected humour, or randomised words which don''t look even slightly believable with 39');
insert into comment (id, review_id, user_id, content) values (40, 40, 11, 'There are many variations of passages of Lorem Ipsum available, but the majority have suffered alteration in some form, by injected humour, or randomised words which don''t look even slightly believable with 40');
insert into comment (id, review_id, user_id, content) values (41, 21, 12, 'There are many variations of passages of Lorem Ipsum available, but the majority have suffered alteration in some form, by injected humour, or randomised words which don''t look even slightly believable with 41');
insert into comment (id, review_id, user_id, content) values (42, 17, 11, 'There are many variations of passages of Lorem Ipsum available, but the majority have suffered alteration in some form, by injected humour, or randomised words which don''t look even slightly believable with 42');
insert into comment (id, review_id, user_id, content) values (43, 26, 9, 'There are many variations of passages of Lorem Ipsum available, but the majority have suffered alteration in some form, by injected humour, or randomised words which don''t look even slightly believable with 43');
insert into comment (id, review_id, user_id, content) values (44, 7, 5, 'There are many variations of passages of Lorem Ipsum available, but the majority have suffered alteration in some form, by injected humour, or randomised words which don''t look even slightly believable with 44');
insert into comment (id, review_id, user_id, content) values (45, 8, 6, 'There are many variations of passages of Lorem Ipsum available, but the majority have suffered alteration in some form, by injected humour, or randomised words which don''t look even slightly believable with 45');
insert into comment (id, review_id, user_id, content) values (46, 42, 6, 'There are many variations of passages of Lorem Ipsum available, but the majority have suffered alteration in some form, by injected humour, or randomised words which don''t look even slightly believable with 46');
insert into comment (id, review_id, user_id, content) values (47, 27, 5, 'There are many variations of passages of Lorem Ipsum available, but the majority have suffered alteration in some form, by injected humour, or randomised words which don''t look even slightly believable with 47');
insert into comment (id, review_id, user_id, content) values (48, 18, 10, 'There are many variations of passages of Lorem Ipsum available, but the majority have suffered alteration in some form, by injected humour, or randomised words which don''t look even slightly believable with 48');
insert into comment (id, review_id, user_id, content) values (49, 25, 13, 'There are many variations of passages of Lorem Ipsum available, but the majority have suffered alteration in some form, by injected humour, or randomised words which don''t look even slightly believable with 49');
insert into comment (id, review_id, user_id, content) values (50, 9, 13, 'There are many variations of passages of Lorem Ipsum available, but the majority have suffered alteration in some form, by injected humour, or randomised words which don''t look even slightly believable with 50');

insert into notice (id, title, content, active) values (1, 'notice title 1', 'Lorem Ipsum is simply dummy text of the printing and typesetting industry. Lorem Ipsum has been the industry''s standard dummy text ever since the 1500s, when an unknown printer took a galley of type and scrambled it to make a type specimen book. {1}', true);
insert into notice (id, title, content, active) values (2, 'notice title 2', 'Lorem Ipsum is simply dummy text of the printing and typesetting industry. Lorem Ipsum has been the industry''s standard dummy text ever since the 1500s, when an unknown printer took a galley of type and scrambled it to make a type specimen book. {2}', false);
insert into notice (id, title, content, active) values (3, 'notice title 3', 'Lorem Ipsum is simply dummy text of the printing and typesetting industry. Lorem Ipsum has been the industry''s standard dummy text ever since the 1500s, when an unknown printer took a galley of type and scrambled it to make a type specimen book. {3}', false);
insert into notice (id, title, content, active) values (4, 'notice title 4', 'Lorem Ipsum is simply dummy text of the printing and typesetting industry. Lorem Ipsum has been the industry''s standard dummy text ever since the 1500s, when an unknown printer took a galley of type and scrambled it to make a type specimen book. {4}', false);
insert into notice (id, title, content, active) values (5, 'notice title 5', 'Lorem Ipsum is simply dummy text of the printing and typesetting industry. Lorem Ipsum has been the industry''s standard dummy text ever since the 1500s, when an unknown printer took a galley of type and scrambled it to make a type specimen book. {5}', false);
insert into notice (id, title, content, active) values (6, 'notice title 6', 'Lorem Ipsum is simply dummy text of the printing and typesetting industry. Lorem Ipsum has been the industry''s standard dummy text ever since the 1500s, when an unknown printer took a galley of type and scrambled it to make a type specimen book. {6}', true);
insert into notice (id, title, content, active) values (7, 'notice title 7', 'Lorem Ipsum is simply dummy text of the printing and typesetting industry. Lorem Ipsum has been the industry''s standard dummy text ever since the 1500s, when an unknown printer took a galley of type and scrambled it to make a type specimen book. {7}', false);
insert into notice (id, title, content, active) values (8, 'notice title 8', 'Lorem Ipsum is simply dummy text of the printing and typesetting industry. Lorem Ipsum has been the industry''s standard dummy text ever since the 1500s, when an unknown printer took a galley of type and scrambled it to make a type specimen book. {8}', true);
insert into notice (id, title, content, active) values (9, 'notice title 9', 'Lorem Ipsum is simply dummy text of the printing and typesetting industry. Lorem Ipsum has been the industry''s standard dummy text ever since the 1500s, when an unknown printer took a galley of type and scrambled it to make a type specimen book. {9}', false);
insert into notice (id, title, content, active) values (10, 'notice title 10', 'Lorem Ipsum is simply dummy text of the printing and typesetting industry. Lorem Ipsum has been the industry''s standard dummy text ever since the 1500s, when an unknown printer took a galley of type and scrambled it to make a type specimen book. {10}', false);
insert into notice (id, title, content, active) values (11, 'notice title 11', 'Lorem Ipsum is simply dummy text of the printing and typesetting industry. Lorem Ipsum has been the industry''s standard dummy text ever since the 1500s, when an unknown printer took a galley of type and scrambled it to make a type specimen book. {11}', false);
insert into notice (id, title, content, active) values (12, 'notice title 12', 'Lorem Ipsum is simply dummy text of the printing and typesetting industry. Lorem Ipsum has been the industry''s standard dummy text ever since the 1500s, when an unknown printer took a galley of type and scrambled it to make a type specimen book. {12}', false);
insert into notice (id, title, content, active) values (13, 'notice title 13', 'Lorem Ipsum is simply dummy text of the printing and typesetting industry. Lorem Ipsum has been the industry''s standard dummy text ever since the 1500s, when an unknown printer took a galley of type and scrambled it to make a type specimen book. {13}', true);
insert into notice (id, title, content, active) values (14, 'notice title 14', 'Lorem Ipsum is simply dummy text of the printing and typesetting industry. Lorem Ipsum has been the industry''s standard dummy text ever since the 1500s, when an unknown printer took a galley of type and scrambled it to make a type specimen book. {14}', false);
insert into notice (id, title, content, active) values (15, 'notice title 15', 'Lorem Ipsum is simply dummy text of the printing and typesetting industry. Lorem Ipsum has been the industry''s standard dummy text ever since the 1500s, when an unknown printer took a galley of type and scrambled it to make a type specimen book. {15}', true);
insert into notice (id, title, content, active) values (16, 'notice title 16', 'Lorem Ipsum is simply dummy text of the printing and typesetting industry. Lorem Ipsum has been the industry''s standard dummy text ever since the 1500s, when an unknown printer took a galley of type and scrambled it to make a type specimen book. {16}', false);
insert into notice (id, title, content, active) values (17, 'notice title 17', 'Lorem Ipsum is simply dummy text of the printing and typesetting industry. Lorem Ipsum has been the industry''s standard dummy text ever since the 1500s, when an unknown printer took a galley of type and scrambled it to make a type specimen book. {17}', false);
insert into notice (id, title, content, active) values (18, 'notice title 18', 'Lorem Ipsum is simply dummy text of the printing and typesetting industry. Lorem Ipsum has been the industry''s standard dummy text ever since the 1500s, when an unknown printer took a galley of type and scrambled it to make a type specimen book. {18}', false);
insert into notice (id, title, content, active) values (19, 'notice title 19', 'Lorem Ipsum is simply dummy text of the printing and typesetting industry. Lorem Ipsum has been the industry''s standard dummy text ever since the 1500s, when an unknown printer took a galley of type and scrambled it to make a type specimen book. {19}', false);
insert into notice (id, title, content, active) values (20, 'notice title 20', 'Lorem Ipsum is simply dummy text of the printing and typesetting industry. Lorem Ipsum has been the industry''s standard dummy text ever since the 1500s, when an unknown printer took a galley of type and scrambled it to make a type specimen book. {20}', true);
insert into notice (id, title, content, active) values (21, 'notice title 21', 'Lorem Ipsum is simply dummy text of the printing and typesetting industry. Lorem Ipsum has been the industry''s standard dummy text ever since the 1500s, when an unknown printer took a galley of type and scrambled it to make a type specimen book. {21}', true);
insert into notice (id, title, content, active) values (22, 'notice title 22', 'Lorem Ipsum is simply dummy text of the printing and typesetting industry. Lorem Ipsum has been the industry''s standard dummy text ever since the 1500s, when an unknown printer took a galley of type and scrambled it to make a type specimen book. {22}', true);
insert into notice (id, title, content, active) values (23, 'notice title 23', 'Lorem Ipsum is simply dummy text of the printing and typesetting industry. Lorem Ipsum has been the industry''s standard dummy text ever since the 1500s, when an unknown printer took a galley of type and scrambled it to make a type specimen book. {23}', true);
insert into notice (id, title, content, active) values (24, 'notice title 24', 'Lorem Ipsum is simply dummy text of the printing and typesetting industry. Lorem Ipsum has been the industry''s standard dummy text ever since the 1500s, when an unknown printer took a galley of type and scrambled it to make a type specimen book. {24}', true);
insert into notice (id, title, content, active) values (25, 'notice title 25', 'Lorem Ipsum is simply dummy text of the printing and typesetting industry. Lorem Ipsum has been the industry''s standard dummy text ever since the 1500s, when an unknown printer took a galley of type and scrambled it to make a type specimen book. {25}', true);
insert into notice (id, title, content, active) values (26, 'notice title 26', 'Lorem Ipsum is simply dummy text of the printing and typesetting industry. Lorem Ipsum has been the industry''s standard dummy text ever since the 1500s, when an unknown printer took a galley of type and scrambled it to make a type specimen book. {26}', true);
insert into notice (id, title, content, active) values (27, 'notice title 27', 'Lorem Ipsum is simply dummy text of the printing and typesetting industry. Lorem Ipsum has been the industry''s standard dummy text ever since the 1500s, when an unknown printer took a galley of type and scrambled it to make a type specimen book. {27}', false);
insert into notice (id, title, content, active) values (28, 'notice title 28', 'Lorem Ipsum is simply dummy text of the printing and typesetting industry. Lorem Ipsum has been the industry''s standard dummy text ever since the 1500s, when an unknown printer took a galley of type and scrambled it to make a type specimen book. {28}', false);
insert into notice (id, title, content, active) values (29, 'notice title 29', 'Lorem Ipsum is simply dummy text of the printing and typesetting industry. Lorem Ipsum has been the industry''s standard dummy text ever since the 1500s, when an unknown printer took a galley of type and scrambled it to make a type specimen book. {29}', false);
insert into notice (id, title, content, active) values (30, 'notice title 30', 'Lorem Ipsum is simply dummy text of the printing and typesetting industry. Lorem Ipsum has been the industry''s standard dummy text ever since the 1500s, when an unknown printer took a galley of type and scrambled it to make a type specimen book. {30}', false);
insert into notice (id, title, content, active) values (31, 'notice title 31', 'Lorem Ipsum is simply dummy text of the printing and typesetting industry. Lorem Ipsum has been the industry''s standard dummy text ever since the 1500s, when an unknown printer took a galley of type and scrambled it to make a type specimen book. {31}', true);
insert into notice (id, title, content, active) values (32, 'notice title 32', 'Lorem Ipsum is simply dummy text of the printing and typesetting industry. Lorem Ipsum has been the industry''s standard dummy text ever since the 1500s, when an unknown printer took a galley of type and scrambled it to make a type specimen book. {32}', true);
insert into notice (id, title, content, active) values (33, 'notice title 33', 'Lorem Ipsum is simply dummy text of the printing and typesetting industry. Lorem Ipsum has been the industry''s standard dummy text ever since the 1500s, when an unknown printer took a galley of type and scrambled it to make a type specimen book. {33}', true);
insert into notice (id, title, content, active) values (34, 'notice title 34', 'Lorem Ipsum is simply dummy text of the printing and typesetting industry. Lorem Ipsum has been the industry''s standard dummy text ever since the 1500s, when an unknown printer took a galley of type and scrambled it to make a type specimen book. {34}', false);
insert into notice (id, title, content, active) values (35, 'notice title 35', 'Lorem Ipsum is simply dummy text of the printing and typesetting industry. Lorem Ipsum has been the industry''s standard dummy text ever since the 1500s, when an unknown printer took a galley of type and scrambled it to make a type specimen book. {35}', true);
insert into notice (id, title, content, active) values (36, 'notice title 36', 'Lorem Ipsum is simply dummy text of the printing and typesetting industry. Lorem Ipsum has been the industry''s standard dummy text ever since the 1500s, when an unknown printer took a galley of type and scrambled it to make a type specimen book. {36}', false);
insert into notice (id, title, content, active) values (37, 'notice title 37', 'Lorem Ipsum is simply dummy text of the printing and typesetting industry. Lorem Ipsum has been the industry''s standard dummy text ever since the 1500s, when an unknown printer took a galley of type and scrambled it to make a type specimen book. {37}', false);
insert into notice (id, title, content, active) values (38, 'notice title 38', 'Lorem Ipsum is simply dummy text of the printing and typesetting industry. Lorem Ipsum has been the industry''s standard dummy text ever since the 1500s, when an unknown printer took a galley of type and scrambled it to make a type specimen book. {38}', false);
insert into notice (id, title, content, active) values (39, 'notice title 39', 'Lorem Ipsum is simply dummy text of the printing and typesetting industry. Lorem Ipsum has been the industry''s standard dummy text ever since the 1500s, when an unknown printer took a galley of type and scrambled it to make a type specimen book. {39}', false);
insert into notice (id, title, content, active) values (40, 'notice title 40', 'Lorem Ipsum is simply dummy text of the printing and typesetting industry. Lorem Ipsum has been the industry''s standard dummy text ever since the 1500s, when an unknown printer took a galley of type and scrambled it to make a type specimen book. {40}', false);
insert into notice (id, title, content, active) values (41, 'notice title 41', 'Lorem Ipsum is simply dummy text of the printing and typesetting industry. Lorem Ipsum has been the industry''s standard dummy text ever since the 1500s, when an unknown printer took a galley of type and scrambled it to make a type specimen book. {41}', true);
insert into notice (id, title, content, active) values (42, 'notice title 42', 'Lorem Ipsum is simply dummy text of the printing and typesetting industry. Lorem Ipsum has been the industry''s standard dummy text ever since the 1500s, when an unknown printer took a galley of type and scrambled it to make a type specimen book. {42}', true);
insert into notice (id, title, content, active) values (43, 'notice title 43', 'Lorem Ipsum is simply dummy text of the printing and typesetting industry. Lorem Ipsum has been the industry''s standard dummy text ever since the 1500s, when an unknown printer took a galley of type and scrambled it to make a type specimen book. {43}', false);
insert into notice (id, title, content, active) values (44, 'notice title 44', 'Lorem Ipsum is simply dummy text of the printing and typesetting industry. Lorem Ipsum has been the industry''s standard dummy text ever since the 1500s, when an unknown printer took a galley of type and scrambled it to make a type specimen book. {44}', true);
insert into notice (id, title, content, active) values (45, 'notice title 45', 'Lorem Ipsum is simply dummy text of the printing and typesetting industry. Lorem Ipsum has been the industry''s standard dummy text ever since the 1500s, when an unknown printer took a galley of type and scrambled it to make a type specimen book. {45}', false);
insert into notice (id, title, content, active) values (46, 'notice title 46', 'Lorem Ipsum is simply dummy text of the printing and typesetting industry. Lorem Ipsum has been the industry''s standard dummy text ever since the 1500s, when an unknown printer took a galley of type and scrambled it to make a type specimen book. {46}', false);
insert into notice (id, title, content, active) values (47, 'notice title 47', 'Lorem Ipsum is simply dummy text of the printing and typesetting industry. Lorem Ipsum has been the industry''s standard dummy text ever since the 1500s, when an unknown printer took a galley of type and scrambled it to make a type specimen book. {47}', true);
insert into notice (id, title, content, active) values (48, 'notice title 48', 'Lorem Ipsum is simply dummy text of the printing and typesetting industry. Lorem Ipsum has been the industry''s standard dummy text ever since the 1500s, when an unknown printer took a galley of type and scrambled it to make a type specimen book. {48}', false);
insert into notice (id, title, content, active) values (49, 'notice title 49', 'Lorem Ipsum is simply dummy text of the printing and typesetting industry. Lorem Ipsum has been the industry''s standard dummy text ever since the 1500s, when an unknown printer took a galley of type and scrambled it to make a type specimen book. {49}', true);
insert into notice (id, title, content, active) values (50, 'notice title 50', 'Lorem Ipsum is simply dummy text of the printing and typesetting industry. Lorem Ipsum has been the industry''s standard dummy text ever since the 1500s, when an unknown printer took a galley of type and scrambled it to make a type specimen book. {50}', false);

insert into ask (id, user_id, title, content, answer) values (1, 6, 'Ask title 1', 'Help! I need to help! I have some problem. This is {6} error with 1', null);
insert into ask (id, user_id, title, content, answer) values (2, 11, 'Ask title 2', 'Help! I need to help! I have some problem. This is {11} error with 2', 'The standard chunk of Lorem Ipsum used since the 1500s is reproduced below for those interested. Sections 1.10.32 and 1.10.3388121');
insert into ask (id, user_id, title, content, answer) values (3, 11, 'Ask title 3', 'Help! I need to help! I have some problem. This is {11} error with 3', null);
insert into ask (id, user_id, title, content, answer) values (4, 4, 'Ask title 4', 'Help! I need to help! I have some problem. This is {4} error with 4', null);
insert into ask (id, user_id, title, content, answer) values (5, 8, 'Ask title 5', 'Help! I need to help! I have some problem. This is {8} error with 5', 'The standard chunk of Lorem Ipsum used since the 1500s is reproduced below for those interested. Sections 1.10.32 and 1.10.3327706');
insert into ask (id, user_id, title, content, answer) values (6, 5, 'Ask title 6', 'Help! I need to help! I have some problem. This is {5} error with 6', 'The standard chunk of Lorem Ipsum used since the 1500s is reproduced below for those interested. Sections 1.10.32 and 1.10.3321048');
insert into ask (id, user_id, title, content, answer) values (7, 10, 'Ask title 7', 'Help! I need to help! I have some problem. This is {10} error with 7', 'The standard chunk of Lorem Ipsum used since the 1500s is reproduced below for those interested. Sections 1.10.32 and 1.10.3356262');
insert into ask (id, user_id, title, content, answer) values (8, 13, 'Ask title 8', 'Help! I need to help! I have some problem. This is {13} error with 8', null);
insert into ask (id, user_id, title, content, answer) values (9, 11, 'Ask title 9', 'Help! I need to help! I have some problem. This is {11} error with 9', null);
insert into ask (id, user_id, title, content, answer) values (10, 12, 'Ask title 10', 'Help! I need to help! I have some problem. This is {12} error with 10', null);
insert into ask (id, user_id, title, content, answer) values (11, 10, 'Ask title 11', 'Help! I need to help! I have some problem. This is {10} error with 11', null);
insert into ask (id, user_id, title, content, answer) values (12, 8, 'Ask title 12', 'Help! I need to help! I have some problem. This is {8} error with 12', null);
insert into ask (id, user_id, title, content, answer) values (13, 13, 'Ask title 13', 'Help! I need to help! I have some problem. This is {13} error with 13', 'The standard chunk of Lorem Ipsum used since the 1500s is reproduced below for those interested. Sections 1.10.32 and 1.10.3343690');
insert into ask (id, user_id, title, content, answer) values (14, 8, 'Ask title 14', 'Help! I need to help! I have some problem. This is {8} error with 14', null);
insert into ask (id, user_id, title, content, answer) values (15, 7, 'Ask title 15', 'Help! I need to help! I have some problem. This is {7} error with 15', 'The standard chunk of Lorem Ipsum used since the 1500s is reproduced below for those interested. Sections 1.10.32 and 1.10.3377586');
insert into ask (id, user_id, title, content, answer) values (16, 8, 'Ask title 16', 'Help! I need to help! I have some problem. This is {8} error with 16', 'The standard chunk of Lorem Ipsum used since the 1500s is reproduced below for those interested. Sections 1.10.32 and 1.10.3339128');
insert into ask (id, user_id, title, content, answer) values (17, 7, 'Ask title 17', 'Help! I need to help! I have some problem. This is {7} error with 17', null);
insert into ask (id, user_id, title, content, answer) values (18, 5, 'Ask title 18', 'Help! I need to help! I have some problem. This is {5} error with 18', null);
insert into ask (id, user_id, title, content, answer) values (19, 6, 'Ask title 19', 'Help! I need to help! I have some problem. This is {6} error with 19', 'The standard chunk of Lorem Ipsum used since the 1500s is reproduced below for those interested. Sections 1.10.32 and 1.10.3349583');
insert into ask (id, user_id, title, content, answer) values (20, 6, 'Ask title 20', 'Help! I need to help! I have some problem. This is {6} error with 20', 'The standard chunk of Lorem Ipsum used since the 1500s is reproduced below for those interested. Sections 1.10.32 and 1.10.3361280');
insert into ask (id, user_id, title, content, answer) values (21, 6, 'Ask title 21', 'Help! I need to help! I have some problem. This is {6} error with 21', null);
insert into ask (id, user_id, title, content, answer) values (22, 5, 'Ask title 22', 'Help! I need to help! I have some problem. This is {5} error with 22', null);
insert into ask (id, user_id, title, content, answer) values (23, 4, 'Ask title 23', 'Help! I need to help! I have some problem. This is {4} error with 23', null);
insert into ask (id, user_id, title, content, answer) values (24, 13, 'Ask title 24', 'Help! I need to help! I have some problem. This is {13} error with 24', 'The standard chunk of Lorem Ipsum used since the 1500s is reproduced below for those interested. Sections 1.10.32 and 1.10.3380155');
insert into ask (id, user_id, title, content, answer) values (25, 12, 'Ask title 25', 'Help! I need to help! I have some problem. This is {12} error with 25', null);
insert into ask (id, user_id, title, content, answer) values (26, 6, 'Ask title 26', 'Help! I need to help! I have some problem. This is {6} error with 26', 'The standard chunk of Lorem Ipsum used since the 1500s is reproduced below for those interested. Sections 1.10.32 and 1.10.338277');
insert into ask (id, user_id, title, content, answer) values (27, 7, 'Ask title 27', 'Help! I need to help! I have some problem. This is {7} error with 27', null);
insert into ask (id, user_id, title, content, answer) values (28, 7, 'Ask title 28', 'Help! I need to help! I have some problem. This is {7} error with 28', 'The standard chunk of Lorem Ipsum used since the 1500s is reproduced below for those interested. Sections 1.10.32 and 1.10.335029');
insert into ask (id, user_id, title, content, answer) values (29, 4, 'Ask title 29', 'Help! I need to help! I have some problem. This is {4} error with 29', null);
insert into ask (id, user_id, title, content, answer) values (30, 5, 'Ask title 30', 'Help! I need to help! I have some problem. This is {5} error with 30', null);
insert into ask (id, user_id, title, content, answer) values (31, 10, 'Ask title 31', 'Help! I need to help! I have some problem. This is {10} error with 31', null);
insert into ask (id, user_id, title, content, answer) values (32, 5, 'Ask title 32', 'Help! I need to help! I have some problem. This is {5} error with 32', 'The standard chunk of Lorem Ipsum used since the 1500s is reproduced below for those interested. Sections 1.10.32 and 1.10.3341664');
insert into ask (id, user_id, title, content, answer) values (33, 10, 'Ask title 33', 'Help! I need to help! I have some problem. This is {10} error with 33', null);
insert into ask (id, user_id, title, content, answer) values (34, 8, 'Ask title 34', 'Help! I need to help! I have some problem. This is {8} error with 34', 'The standard chunk of Lorem Ipsum used since the 1500s is reproduced below for those interested. Sections 1.10.32 and 1.10.3348582');
insert into ask (id, user_id, title, content, answer) values (35, 7, 'Ask title 35', 'Help! I need to help! I have some problem. This is {7} error with 35', 'The standard chunk of Lorem Ipsum used since the 1500s is reproduced below for those interested. Sections 1.10.32 and 1.10.3326962');
insert into ask (id, user_id, title, content, answer) values (36, 7, 'Ask title 36', 'Help! I need to help! I have some problem. This is {7} error with 36', 'The standard chunk of Lorem Ipsum used since the 1500s is reproduced below for those interested. Sections 1.10.32 and 1.10.3337048');
insert into ask (id, user_id, title, content, answer) values (37, 4, 'Ask title 37', 'Help! I need to help! I have some problem. This is {4} error with 37', 'The standard chunk of Lorem Ipsum used since the 1500s is reproduced below for those interested. Sections 1.10.32 and 1.10.3341973');
insert into ask (id, user_id, title, content, answer) values (38, 7, 'Ask title 38', 'Help! I need to help! I have some problem. This is {7} error with 38', 'The standard chunk of Lorem Ipsum used since the 1500s is reproduced below for those interested. Sections 1.10.32 and 1.10.3350448');
insert into ask (id, user_id, title, content, answer) values (39, 12, 'Ask title 39', 'Help! I need to help! I have some problem. This is {12} error with 39', 'The standard chunk of Lorem Ipsum used since the 1500s is reproduced below for those interested. Sections 1.10.32 and 1.10.3313438');
insert into ask (id, user_id, title, content, answer) values (40, 7, 'Ask title 40', 'Help! I need to help! I have some problem. This is {7} error with 40', null);
insert into ask (id, user_id, title, content, answer) values (41, 4, 'Ask title 41', 'Help! I need to help! I have some problem. This is {4} error with 41', 'The standard chunk of Lorem Ipsum used since the 1500s is reproduced below for those interested. Sections 1.10.32 and 1.10.3329923');
insert into ask (id, user_id, title, content, answer) values (42, 11, 'Ask title 42', 'Help! I need to help! I have some problem. This is {11} error with 42', null);
insert into ask (id, user_id, title, content, answer) values (43, 6, 'Ask title 43', 'Help! I need to help! I have some problem. This is {6} error with 43', null);
insert into ask (id, user_id, title, content, answer) values (44, 6, 'Ask title 44', 'Help! I need to help! I have some problem. This is {6} error with 44', null);
insert into ask (id, user_id, title, content, answer) values (45, 12, 'Ask title 45', 'Help! I need to help! I have some problem. This is {12} error with 45', 'The standard chunk of Lorem Ipsum used since the 1500s is reproduced below for those interested. Sections 1.10.32 and 1.10.3344835');
insert into ask (id, user_id, title, content, answer) values (46, 11, 'Ask title 46', 'Help! I need to help! I have some problem. This is {11} error with 46', null);
insert into ask (id, user_id, title, content, answer) values (47, 8, 'Ask title 47', 'Help! I need to help! I have some problem. This is {8} error with 47', 'The standard chunk of Lorem Ipsum used since the 1500s is reproduced below for those interested. Sections 1.10.32 and 1.10.336623');
insert into ask (id, user_id, title, content, answer) values (48, 11, 'Ask title 48', 'Help! I need to help! I have some problem. This is {11} error with 48', null);
insert into ask (id, user_id, title, content, answer) values (49, 8, 'Ask title 49', 'Help! I need to help! I have some problem. This is {8} error with 49', 'The standard chunk of Lorem Ipsum used since the 1500s is reproduced below for those interested. Sections 1.10.32 and 1.10.3328482');
insert into ask (id, user_id, title, content, answer) values (50, 13, 'Ask title 50', 'Help! I need to help! I have some problem. This is {13} error with 50', null);